PLAYER_ID,PLAYER_NAME,COLLEGE,GP,MIN,FGM,FGA,FG_PCT,FG3M,FG3A,FG3_PCT,FTM,FTA,FT_PCT,OREB,DREB,REB,AST,STL,BLK,TOV,PF,PTS
202407,Elijah Millsap,Alabama-Birmingham,69,1120.0,93,284,0.327464,29,104,0.278846,72,106,0.679245,37,154,191,78,63,19,78,159,287
101182,Donell Taylor,Alabama-Birmingham,98,834.0,109,276,0.394927,7,34,0.205882,41,64,0.640625,30,76,106,90,47,7,59,81,266
1628,Alan Ogg,Alabama-Birmingham,80,657.0,75,152,0.493421,0,2,0.0,25,44,0.568181,48,85,133,13,12,58,30,132,175
1641998,Trey Jemison,Alabama-Birmingham,18,351.0,49,83,0.590361,0,0,0.0,14,17,0.823529,38,38,76,16,7,16,22,48,112
77994,Oliver Robinson,Alabama-Birmingham,35,147.0,35,97,0.360824,1,11,0.090909,30,45,0.666666,6,11,17,21,4,2,13,18,101
77109,Stanley Jackson,Alabama-Birmingham,17,92.0,17,33,0.515151,1,5,0.2,3,3,1.0,12,15,27,16,5,0,10,13,38
201291,Carldell Johnson,Alabama-Birmingham,15,119.0,11,35,0.314285,4,15,0.266666,1,3,0.333333,1,8,9,22,8,0,7,11,27
201594,Walter Sharpe,Alabama-Birmingham,8,20.0,4,11,0.363636,0,2,0.0,0,2,0.0,0,3,3,0,0,2,0,3,8
77515,Keith McCord,Alabama-Birmingham,2,9.0,2,4,0.5,0,0,0.0,0,0,0.0,1,1,2,1,0,0,2,0,4
78162,Mckinley Singleton,Alabama-Birmingham,2,10.0,2,3,0.666666,0,1,0.0,0,0,0.0,0,0,0,1,0,0,0,1,4
