PLAYER_ID,PLAYER_NAME,COLLEGE,GP,MIN,FGM,FGA,FG_PCT,FG3M,FG3A,FG3_PCT,FTM,FTA,FT_PCT,OREB,DREB,REB,AST,STL,BLK,TOV,PF,PTS
965,Derek Fisher,Arkansas-Little Rock,1287,32714.0,3720,9329,0.398756,1248,3341,0.37354,2025,2479,0.816861,414,2244,2658,3804,1352,98,1473,2684,10713
939,Pete Myers,Arkansas-Little Rock,377,6039.0,660,1568,0.420918,32,146,0.219178,452,677,0.667651,220,451,671,807,263,76,465,681,1804
1629730,Rayjon Tucker,Arkansas-Little Rock,39,300.0,35,70,0.5,9,29,0.310344,38,49,0.77551,7,32,39,21,7,1,13,23,117
1086,Joe Stephens,Arkansas-Little Rock,22,228.0,30,84,0.357142,4,21,0.190476,7,10,0.7,18,27,45,12,12,3,11,14,71
77105,Myron Jackson,Arkansas-Little Rock,8,22.0,2,9,0.222222,0,0,0.0,7,8,0.875,1,2,3,6,1,0,5,1,11
77333,Jim Lampley,Arkansas-Little Rock,1,16.0,1,3,0.333333,0,0,0.0,1,2,0.5,1,4,5,0,1,0,1,0,3
202197,Shane Edwards,Arkansas-Little Rock,2,12.0,1,3,0.333333,0,0,0.0,0,0,0.0,1,1,2,0,0,0,1,1,2
