PLAYER_ID,PLAYER_NAME,COLLEGE,GP,MIN,FGM,FGA,FG_PCT,FG3M,FG3A,FG3_PCT,FTM,FTA,FT_PCT,OREB,DREB,REB,AST,STL,BLK,TOV,PF,PTS
77865,Gary Plummer,Boston University,126,1439.0,198,460,0.430434,1.0,7.0,0.142857,134,187,0.716577,107,200,307,66,29,25,128.0,268,531
204066,John Holland,Boston University,25,175.0,17,59,0.288135,11.0,36.0,0.305555,9,13,0.692307,6,18,24,5,7,2,8.0,10,54
76223,Ken Boyd,Boston University,6,25.0,7,13,0.538461,,,,5,11,0.454545,3,2,5,2,3,0,,2,19
76793,Jim Garvin,Boston University,6,11.0,1,4,0.25,,,,0,0,0.0,1,4,5,0,0,0,,1,2
