PLAYER_ID,PLAYER_NAME,COLLEGE,GP,MIN,FGM,FGA,FG_PCT,FG3M,FG3A,FG3_PCT,FTM,FTA,FT_PCT,OREB,DREB,REB,AST,STL,BLK,TOV,PF,PTS
77011,Sidney Hertzberg,City College of New York,293,,946,3166,0.298799,,,,671,847,0.792207,,,260.0,618,,,,619,2563
77050,Red Holzman,City College of New York,358,2106.0,830,2622,0.316552,,,,506,742,0.68194,,,344.0,721,,,,478,2166
78019,Hank Rosenstein,City College of New York,60,,119,390,0.305128,,,,144,225,0.64,,,,36,,,,172,382
77447,Lionel Malamed,City College of New York,44,,97,290,0.334482,,,,64,77,0.831168,,,,61,,,,53,258
76692,Phil Farbman,City College of New York,48,,50,163,0.306748,,,,55,81,0.679012,,,,36,,,,86,155
77441,Norm Mager,City College of New York,24,,40,142,0.28169,,,,44,56,0.785714,,,47.0,22,,,,68,124
