PLAYER_ID,PLAYER_NAME,COLLEGE,GP,MIN,FGM,FGA,FG_PCT,FG3M,FG3A,FG3_PCT,FTM,FTA,FT_PCT,OREB,DREB,REB,AST,STL,BLK,TOV,PF,PTS
202708,Norris Cole,Cleveland State,360,8020.0,1005,2469,0.407047,207,639,0.323943,289,389,0.74293,79,623,702,981,280,34,517,679,2506
76641,Franklin Edwards,Cleveland State,296,4436.0,738,1644,0.448905,1,33,0.030303,325,409,0.794621,78,222,300,774,249,21,398,348,1802
78343,Darren Tillis,Cleveland State,124,1256.0,184,435,0.422988,0,3,0.0,57,91,0.626373,116,198,314,42,20,90,73,252,425
78181,Clinton Smith,Cleveland State,46,386.0,52,121,0.429752,0,2,0.0,30,42,0.714285,28,32,60,49,14,1,27,39,134
202132,Cedric Jackson,Cleveland State,12,75.0,6,20,0.3,1,6,0.166666,7,12,0.583333,2,6,8,14,3,2,11,7,20
