PLAYER_ID,PLAYER_NAME,COLLEGE,GP,MIN,FGM,FGA,FG_PCT,FG3M,FG3A,FG3_PCT,FTM,FTA,FT_PCT,OREB,DREB,REB,AST,STL,BLK,TOV,PF,PTS
1533,Anthony Johnson,College of Charleston,793,15552.0,1709,4131,0.413701,332,933,0.355841,682,916,0.744541,293,1065,1358,2274,551,92,866,1289,4432
1629714,Jarrell Brantley,College of Charleston,41,273.0,43,94,0.457446,19,50,0.38,5,6,0.833333,12,41,53,29,10,9,17,27,110
1630203,Grant Riller,College of Charleston,7,27.0,8,12,0.666666,2,4,0.5,0,0,0.0,0,1,1,3,1,0,1,0,18
1629147,Joe Chealey,College of Charleston,5,41.0,1,10,0.1,0,4,0.0,2,2,1.0,0,0,0,2,4,0,2,3,4
