PLAYER_ID,PLAYER_NAME,COLLEGE,GP,MIN,FGM,FGA,FG_PCT,FG3M,FG3A,FG3_PCT,FTM,FTA,FT_PCT,OREB,DREB,REB,AST,STL,BLK,TOV,PF,PTS
77554,Jim McMillian,Columbia,631,20227.0,3644,7557,0.482201,,,,1448,1741,0.831705,639.0,1381.0,3319.0,1557,435.0,80.0,120.0,1200,8736
76298,Walter Budko,Columbia,253,1126.0,684,2000,0.342,,,,669,884,0.756787,,,684.0,471,,,,859,2037
77712,Dave Newmark,Columbia,145,1771.0,312,771,0.404669,,,,145,216,0.671296,,,521.0,100,,,,333,769
77624,Jack Molinas,Columbia,29,993.0,108,278,0.388489,,,,134,176,0.761363,,,209.0,47,,,,74,350
76548,Red Dehnert,Columbia,10,,6,15,0.4,,,,2,6,0.333333,,,,0,,,,8,14
