PLAYER_ID,PLAYER_NAME,COLLEGE,GP,MIN,FGM,FGA,FG_PCT,FG3M,FG3A,FG3_PCT,FTM,FTA,FT_PCT,OREB,DREB,REB,AST,STL,BLK,TOV,PF,PTS
76081,Jim Baechtold,Eastern Kentucky,321,8256.0,1117,2876,0.388386,,,,889,1135,0.783259,,,1009.0,685,,,,795,3123
77379,Fred Lewis,Eastern Kentucky,95,,318,1018,0.312377,,,,163,213,0.765258,,,,132,,,,207,799
77968,Goebel Ritter,Eastern Kentucky,151,,262,753,0.347941,,,,265,393,0.6743,,,65.0,145,,,,224,789
78469,Bobby Washington,Eastern Kentucky,116,1790.0,246,619,0.397415,,,,208,268,0.776119,,,234.0,413,,,,240,700
78189,Garfield Smith,Eastern Kentucky,63,415.0,70,182,0.384615,,,,28,87,0.321839,,,132.0,17,,,,75,168
77657,Chuck Mrazovich,Eastern Kentucky,23,,24,73,0.328767,,,,28,46,0.608695,,,33.0,12,,,,48,76
