PLAYER_ID,PLAYER_NAME,COLLEGE,GP,MIN,FGM,FGA,FG_PCT,FG3M,FG3A,FG3_PCT,FTM,FTA,FT_PCT,OREB,DREB,REB,AST,STL,BLK,TOV,PF,PTS
202391,Jeremy Lin,Harvard,480,12217.0,1885,4349,0.433432,449.0,1313.0,0.341964,1348,1666,0.809123,197.0,1141.0,1338.0,2042,519.0,175.0,1085.0,1060,5567
76863,Wyndol Gray,Harvard,67,,145,513,0.282651,,,,73,128,0.570312,,,,50,,,,121,363
77462,Saul Mariaschin,Harvard,43,,125,463,0.269978,,,,83,117,0.709401,,,,60,,,,121,333
78187,Ed Smith,Harvard,11,104.0,11,45,0.244444,,,,6,10,0.6,,,26.0,9,,,,15,28
