PLAYER_ID,PLAYER_NAME,COLLEGE,GP,MIN,FGM,FGA,FG_PCT,FG3M,FG3A,FG3_PCT,FTM,FTA,FT_PCT,OREB,DREB,REB,AST,STL,BLK,TOV,PF,PTS
77150,Gus Johnson,Idaho,581,20140.0,4126,9383,0.439731,,,,1692,2420,0.699173,,,7379,1541,,,,2037,9944
77648,Dwight Morrison,Idaho,155,2216.0,218,550,0.396363,,,,119,208,0.572115,,,822,135,,,,393,555
2079,Kaniel Dickens,Idaho,19,84.0,8,20,0.4,3.0,9.0,0.333333,3,4,0.75,5.0,7.0,12,2,2.0,2.0,3.0,9,22
76282,Raymond Brown,Idaho,16,56.0,8,28,0.285714,0.0,0.0,0.0,0,2,0.0,10.0,5.0,15,4,0.0,0.0,6.0,11,16
