PLAYER_ID,PLAYER_NAME,COLLEGE,GP,MIN,FGM,FGA,FG_PCT,FG3M,FG3A,FG3_PCT,FTM,FTA,FT_PCT,OREB,DREB,REB,AST,STL,BLK,TOV,PF,PTS
76421,Doug Collins,Illinois State,415,13945.0,2927,5839,0.501284,0.0,1.0,,1573,1888,0.833156,459,880,1339,1368,518,114,485,1245,7427
78537,Jeff Wilkins,Illinois State,454,10004.0,1501,3270,0.459021,0.0,10.0,0.0,573,771,0.74319,597,1977,2574,462,178,246,631,1203,3575
76975,Robert Hawkins,Illinois State,103,2005.0,534,1179,0.452926,,,,245,348,0.704022,107,133,240,150,114,47,45,252,1313
1629152,DeVaughn Akoon-Purcell,Illinois State,7,22.0,3,10,0.3,0.0,4.0,0.0,1,2,0.5,1,3,4,6,2,0,2,4,7
