PLAYER_ID,PLAYER_NAME,COLLEGE,GP,MIN,FGM,FGA,FG_PCT,FG3M,FG3A,FG3_PCT,FTM,FTA,FT_PCT,OREB,DREB,REB,AST,STL,BLK,TOV,PF,PTS
78188,Elmore Smith,Kentucky State,562,17879.0,3169,6578,0.481757,,,,1203,2079,0.578643,952.0,2880.0,5962,808,325.0,1183.0,183.0,1941,7541
76121,Billyray Bates,Kentucky State,187,3328.0,893,1885,0.47374,36.0,119.0,0.302521,375,471,0.796178,148.0,165.0,313,352,151.0,16.0,274.0,265,2197
76853,Travis Grant,Kentucky State,36,159.0,52,120,0.433333,,,,24,29,0.827586,0.0,1.0,53,7,0.0,0.0,,20,128
78144,Sam Sibert,Kentucky State,5,26.0,4,13,0.307692,,,,4,5,0.8,,,4,0,,,,4,12
