PLAYER_ID,PLAYER_NAME,COLLEGE,GP,MIN,FGM,FGA,FG_PCT,FG3M,FG3A,FG3_PCT,FTM,FTA,FT_PCT,OREB,DREB,REB,AST,STL,BLK,TOV,PF,PTS
76704,Ray Felix,Long Island-Brooklyn,637,15188.0,2406,5841,0.411915,,,,2162,3187,0.67838,,,5652.0,448,,,,2419,6974
78357,Irv Torgoff,Long Island-Brooklyn,147,,357,1451,0.246037,,,,283,367,0.771117,,,,106,,,,436,997
76139,Hank Beenders,Long Island-Brooklyn,111,,348,1313,0.265041,,,,239,348,0.686781,,,,53,,,,304,935
78102,Carey Scurry,Long Island-Brooklyn,180,2376.0,320,666,0.48048,8.0,33.0,0.242424,199,299,0.665551,224.0,300.0,524.0,192,182.0,143.0,195.0,376,847
78023,Irv Rothenberg,Long Island-Brooklyn,131,,240,898,0.26726,,,,229,378,0.60582,,,,90,,,,351,709
78010,Al Roges,Long Island-Brooklyn,84,2138.0,243,675,0.36,,,,145,203,0.714285,,,237.0,179,,,,197,631
76939,Rollen Hans,Long Island-Brooklyn,80,1734.0,221,582,0.379725,,,,114,205,0.556097,,,176.0,207,,,,192,556
77574,Carl Meinhold,Long Island-Brooklyn,98,,209,662,0.315709,,,,98,156,0.628205,,,,63,,,,124,516
77048,Dick Holub,Long Island-Brooklyn,48,,195,662,0.294561,,,,114,180,0.633333,,,,37,,,,159,504
78078,Ossie Schectman,Long Island-Brooklyn,54,,162,588,0.27551,,,,111,179,0.620111,,,,109,,,,115,435
77027,Art Hillhouse,Long Island-Brooklyn,71,,134,483,0.277432,,,,150,203,0.738916,,,,44,,,,169,418
1869,Charles R. Jones,Long Island-Brooklyn,85,1138.0,105,324,0.324074,58.0,179.0,0.324022,28,45,0.622222,26.0,78.0,104.0,135,48.0,10.0,57.0,76,296
76323,Mike Bytzura,Long Island-Brooklyn,60,,87,356,0.244382,,,,36,72,0.5,,,,31,,,,108,210
78280,Dick Surhoff,Long Island-Brooklyn,58,545.0,56,190,0.294736,,,,66,92,0.717391,,,94.0,32,,,,89,178
76762,Frank Fucarino,Long Island-Brooklyn,28,,53,198,0.267676,,,,34,60,0.566666,,,,8,,,,38,140
78082,Herb Scherer,Long Island-Brooklyn,32,167.0,43,149,0.28859,,,,29,49,0.591836,,,76.0,23,,,,81,115
76757,Frido Frey,Long Island-Brooklyn,23,,28,97,0.288659,,,,32,56,0.571428,,,,14,,,,37,88
78393,Hal Uplinger,Long Island-Brooklyn,23,268.0,33,94,0.351063,,,,20,22,0.90909,,,31.0,26,,,,42,86
76008,Donald Ackerman,Long Island-Brooklyn,28,220.0,14,63,0.222222,,,,15,28,0.535714,,,15.0,23,,,,43,43
77895,Howie Rader,Long Island-Brooklyn,13,,7,45,0.155555,,,,3,10,0.3,,,,14,,,,25,17
76872,Luther Green,Long Island-Brooklyn,5,32.0,0,11,0.0,,,,3,9,0.333333,,,3.0,0,,,,3,3
