PLAYER_ID,PLAYER_NAME,COLLEGE,GP,MIN,FGM,FGA,FG_PCT,FG3M,FG3A,FG3_PCT,FTM,FTA,FT_PCT,OREB,DREB,REB,AST,STL,BLK,TOV,PF,PTS
77691,Calvin Natt,Louisiana-Monroe,599,18818.0,4003,7580,0.5281,16,73,0.219178,2269,2954,0.768111,1370,2700,4070,1306,525,191,1256,1386,10291
77692,Kenny Natt,Louisiana-Monroe,49,388.0,65,156,0.416666,2,10,0.2,18,29,0.620689,17,23,40,41,12,1,35,57,150
2065,Mike Smith,Louisiana-Monroe,17,179.0,19,59,0.322033,3,18,0.166666,10,16,0.625,10,12,22,10,5,3,7,8,51
77690,Howard Nathan,Louisiana-Monroe,5,15.0,5,9,0.555555,0,1,0.0,3,4,0.75,0,0,0,2,3,0,8,2,13
77258,Carl Kilpatrick,Louisiana-Monroe,2,6.0,1,2,0.5,0,0,0.0,1,2,0.5,1,3,4,0,0,0,0,1,3
