PLAYER_ID,PLAYER_NAME,COLLEGE,GP,MIN,FGM,FGA,FG_PCT,FG3M,FG3A,FG3_PCT,FTM,FTA,FT_PCT,OREB,DREB,REB,AST,STL,BLK,TOV,PF,PTS
77828,Jake Pelkington,Manhattan,54,,193,469,0.411513,,,,211,267,0.790262,,,,131,,,,216,597
77465,Eric Marsh,Manhattan,60,851.0,123,289,0.425605,,,,23,33,0.696969,16.0,59.0,75.0,90,29.0,19.0,50.0,111,269
76706,Bill Fenley,Manhattan,33,,31,138,0.224637,,,,23,45,0.511111,,,,16,,,,59,85
77766,Grady O'Malley,Manhattan,24,113.0,21,60,0.35,,,,8,19,0.421052,,,26.0,10,,,,12,50
2784,Luis Flores,Manhattan,16,77.0,14,29,0.482758,5.0,10.0,0.5,2,2,1.0,1.0,2.0,3.0,11,2.0,0.0,11.0,9,35
77672,Dick Murphy,Manhattan,31,,15,75,0.2,,,,4,9,0.444444,,,,8,,,,15,34
77816,Jerry Paulson,Manhattan,6,68.0,8,23,0.347826,,,,4,6,0.666666,,,10.0,4,,,,5,20
