PLAYER_ID,PLAYER_NAME,COLLEGE,GP,MIN,FGM,FGA,FG_PCT,FG3M,FG3A,FG3_PCT,FTM,FTA,FT_PCT,OREB,DREB,REB,AST,STL,BLK,TOV,PF,PTS
78168,Talvin Skinner,Maryland-Eastern Shore,145,2798.0,274,632,0.433544,,,,112,177,0.632768,224.0,384.0,608,152,99.0,24.0,,277,660
76731,Levi Fontaine,Maryland-Eastern Shore,35,210.0,53,145,0.365517,,,,28,37,0.756756,,,15,22,,,,27,134
76735,Jake Ford,Maryland-Eastern Shore,31,249.0,42,91,0.461538,,,,42,55,0.763636,,,20,35,,,,32,126
77499,Ken McBride,Maryland-Eastern Shore,12,249.0,48,147,0.32653,,,,21,29,0.724137,,,31,14,,,,31,117
