PLAYER_ID,PLAYER_NAME,COLLEGE,GP,MIN,FGM,FGA,FG_PCT,FG3M,FG3A,FG3_PCT,FTM,FTA,FT_PCT,OREB,DREB,REB,AST,STL,BLK,TOV,PF,PTS
77952,Micheal Ray Richardson,Montana,556,18589.0,3419,7479,0.457146,124,564,,1291,1870,0.690374,981,2075,3056,3899,1463,206,1854,1859,8253
1474,Larry Krystkowiak,Montana,420,9098.0,1294,2830,0.457243,5,36,0.138888,832,1046,0.795411,643,1408,2051,513,264,62,522,1048,3425
78271,John Stroeder,Montana,46,293.0,31,84,0.369047,0,2,0.0,20,30,0.666666,29,56,85,23,3,14,27,51,82
203805,Will Cherry,Montana,8,69.0,5,19,0.263157,2,9,0.222222,3,6,0.5,1,4,5,8,6,1,4,10,15
