PLAYER_ID,PLAYER_NAME,COLLEGE,GP,MIN,FGM,FGA,FG_PCT,FG3M,FG3A,FG3_PCT,FTM,FTA,FT_PCT,OREB,DREB,REB,AST,STL,BLK,TOV,PF,PTS
76500,Bob Dandridge,Norfolk State,839,29502.0,6445,13317,0.483967,2.0,12.0,,2638,3382,0.780011,908,2337,5715,2846,661,303,630,2940,15530
203124,Kyle O'Quinn,Norfolk State,472,6713.0,1085,2099,0.516912,31.0,142.0,0.218309,367,496,0.739919,628,1538,2166,643,189,453,458,960,2568
77870,David Pope,Norfolk State,33,203.0,26,73,0.356164,1.0,2.0,0.5,9,17,0.529411,15,14,29,9,5,4,9,41,62
76678,Ray Epps,Norfolk State,13,72.0,10,23,0.434782,,,,6,8,0.75,0,5,5,2,1,0,2,7,26
