PLAYER_ID,PLAYER_NAME,COLLEGE,GP,MIN,FGM,FGA,FG_PCT,FG3M,FG3A,FG3_PCT,FTM,FTA,FT_PCT,OREB,DREB,REB,AST,STL,BLK,TOV,PF,PTS
77487,Cedric Maxwell,North Carolina-Charlotte,835,23769.0,3433,6293,0.545526,1,19,,3598,4592,0.783536,2108,3153,5261,1862,671,433,1841,2273,10465
2206,Rodney White,North Carolina-Charlotte,218,3354.0,617,1455,0.424054,91,290,0.313793,215,287,0.749128,113,372,485,237,118,65,285,309,1540
76574,Byron Dinkins,North Carolina-Charlotte,45,511.0,58,143,0.405594,1,9,0.111111,34,39,0.871794,13,39,52,94,21,2,50,45,151
77262,Chad Kinch,North Carolina-Charlotte,41,353.0,52,141,0.368794,0,0,0.0,14,18,0.777777,7,26,33,45,11,6,30,33,118
101188,Eddie Basden,North Carolina-Charlotte,19,141.0,15,37,0.405405,1,7,0.142857,8,10,0.8,7,21,28,8,9,2,9,17,39
2173,Sean Colson,North Carolina-Charlotte,13,45.0,6,24,0.25,1,5,0.2,2,4,0.5,2,4,6,10,1,0,2,6,15
76090,Cedric Ball,North Carolina-Charlotte,7,26.0,3,8,0.375,0,0,0.0,2,2,1.0,5,6,11,0,0,2,2,5,8
1746,DeMarco Johnson,North Carolina-Charlotte,5,37.0,3,9,0.333333,0,0,0.0,0,0,0.0,3,4,7,0,1,0,3,5,6
