PLAYER_ID,PLAYER_NAME,COLLEGE,GP,MIN,FGM,FGA,FG_PCT,FG3M,FG3A,FG3_PCT,FTM,FTA,FT_PCT,OREB,DREB,REB,AST,STL,BLK,TOV,PF,PTS
76541,Paul Dawkins,Northern Illinois,57,776.0,141,300,0.47,1.0,5.0,0.2,33,48,0.6875,42.0,83.0,125.0,77,33.0,9.0,76.0,112,316
1126,Donald Whiteside,Northern Illinois,30,277.0,19,57,0.333333,12.0,37.0,0.324324,11,17,0.647058,2.0,11.0,13.0,37,11.0,0.0,18.0,23,61
202918,Xavier Silas,Northern Illinois,4,46.0,4,18,0.222222,1.0,8.0,0.125,2,3,0.666666,3.0,3.0,6.0,3,1.0,0.0,3.0,6,11
78612,Bob Wood,Northern Illinois,6,,3,14,0.214285,,,,1,1,1.0,,,,1,,,,6,7
